{"cameraMode":{"drawMode":0,"name":"Shaded","section":"Shading Mode"},"sceneLighting":false,"audioPlay":false,"sceneViewState":{"showFog":true,"showMaterialUpdate":false,"showSkybox":false,"showFlares":true,"showImageEffects":true,"showParticleSystems":true},"in2DMode":false,"pivot":{"x":0.2653607726097107,"y":0.17491236329078675,"z":-0.2220906913280487},"rotation":{"x":-0.042153406888246539,"y":0.12069513648748398,"z":-0.005134104751050472,"w":-0.9918012619018555},"size":1.0497955083847047,"orthographic":false}