{"cameraMode":{"drawMode":0,"name":"Shaded","section":"Shading Mode"},"sceneLighting":false,"audioPlay":false,"sceneViewState":{"showFog":true,"showMaterialUpdate":false,"showSkybox":false,"showFlares":true,"showImageEffects":true,"showParticleSystems":true},"in2DMode":false,"pivot":{"x":4.789070129394531,"y":23.322372436523439,"z":-0.8360617160797119},"rotation":{"x":-0.08090400695800781,"y":0.47136494517326357,"z":-0.04348345845937729,"w":-0.877165675163269},"size":1.4535425901412964,"orthographic":false}